Nom 0001,Prenom 0001,0100000001
Nom 0002,Prenom 0002,0100000002
Nom 0003,Prenom 0003,0100000003
Nom 0004,Prenom 0004,0100000004
Nom 0005,Prenom 0005,0100000005
Nom 0006,Prenom 0006,0100000006
Nom 0007,Prenom 0007,0100000007
Nom 0008,Prenom 0008,0100000008
Nom 0009,Prenom 0009,0100000009
Nom 0010,Prenom 0010,0100000010
Nom 0011,Prenom 0011,0100000011
Nom 0012,Prenom 0012,0100000012
Nom 0013,Prenom 0013,0100000013
Nom 0014,Prenom 0014,0100000014
Nom 0015,Prenom 0015,0100000015
Nom 0016,Prenom 0016,0100000016
Nom 0017,Prenom 0017,0100000017
Nom 0018,Prenom 0018,0100000018
Nom 0019,Prenom 0019,0100000019
Nom 0020,Prenom 0020,0100000020
Nom 0021,Prenom 0021,0100000021
Nom 0022,Prenom 0022,0100000022
Nom 0023,Prenom 0023,0100000023
Nom 0024,Prenom 0024,0100000024
Nom 0025,Prenom 0025,0100000025
Nom 0026,Prenom 0026,0100000026
Nom 0027,Prenom 0027,0100000027
Nom 0028,Prenom 0028,0100000028
Nom 0029,Prenom 0029,0100000029
Nom 0030,Prenom 0030,0100000030
Nom 0031,Prenom 0031,0100000031
Nom 0032,Prenom 0032,0100000032
Nom 0033,Prenom 0033,0100000033
Nom 0034,Prenom 0034,0100000034
Nom 0035,Prenom 0035,0100000035
Nom 0036,Prenom 0036,0100000036
Nom 0037,Prenom 0037,0100000037
Nom 0038,Prenom 0038,0100000038
Nom 0039,Prenom 0039,0100000039
Nom 0040,Prenom 0040,0100000040
Nom 0041,Prenom 0041,0100000041
Nom 0042,Prenom 0042,0100000042
Nom 0043,Prenom 0043,0100000043
Nom 0044,Prenom 0044,0100000044
Nom 0045,Prenom 0045,0100000045
Nom 0046,Prenom 0046,0100000046
Nom 0047,Prenom 0047,0100000047
Nom 0048,Prenom 0048,0100000048
Nom 0049,Prenom 0049,0100000049
Nom 0050,Prenom 0050,0100000050
Nom 0051,Prenom 0051,0100000051
Nom 0052,Prenom 0052,0100000052
Nom 0053,Prenom 0053,0100000053
Nom 0054,Prenom 0054,0100000054
Nom 0055,Prenom 0055,0100000055
Nom 0056,Prenom 0056,0100000056
Nom 0057,Prenom 0057,0100000057
Nom 0058,Prenom 0058,0100000058
Nom 0059,Prenom 0059,0100000059
Nom 0060,Prenom 0060,0100000060
Nom 0061,Prenom 0061,0100000061
Nom 0062,Prenom 0062,0100000062
Nom 0063,Prenom 0063,0100000063
Nom 0064,Prenom 0064,0100000064
Nom 0065,Prenom 0065,0100000065
Nom 0066,Prenom 0066,0100000066
Nom 0067,Prenom 0067,0100000067
Nom 0068,Prenom 0068,0100000068
Nom 0069,Prenom 0069,0100000069
Nom 0070,Prenom 0070,0100000070
Nom 0071,Prenom 0071,0100000071
Nom 0072,Prenom 0072,0100000072
Nom 0073,Prenom 0073,0100000073
Nom 0074,Prenom 0074,0100000074
Nom 0075,Prenom 0075,0100000075
Nom 0076,Prenom 0076,0100000076
Nom 0077,Prenom 0077,0100000077
Nom 0078,Prenom 0078,0100000078
Nom 0079,Prenom 0079,0100000079
Nom 0080,Prenom 0080,0100000080
Nom 0081,Prenom 0081,0100000081
Nom 0082,Prenom 0082,0100000082
Nom 0083,Prenom 0083,0100000083
Nom 0084,Prenom 0084,0100000084
Nom 0085,Prenom 0085,0100000085
Nom 0086,Prenom 0086,0100000086
Nom 0087,Prenom 0087,0100000087
Nom 0088,Prenom 0088,0100000088
Nom 0089,Prenom 0089,0100000089
Nom 0090,Prenom 0090,0100000090
Nom 0091,Prenom 0091,0100000091
Nom 0092,Prenom 0092,0100000092
Nom 0093,Prenom 0093,0100000093
Nom 0094,Prenom 0094,0100000094
Nom 0095,Prenom 0095,0100000095
Nom 0096,Prenom 0096,0100000096
Nom 0097,Prenom 0097,0100000097
Nom 0098,Prenom 0098,0100000098
Nom 0099,Prenom 0099,0100000099
Nom 0100,Prenom 0100,0100000100
Nom 0101,Prenom 0101,0100000101
Nom 0102,Prenom 0102,0100000102
Nom 0103,Prenom 0103,0100000103
Nom 0104,Prenom 0104,0100000104
Nom 0105,Prenom 0105,0100000105
Nom 0106,Prenom 0106,0100000106
Nom 0107,Prenom 0107,0100000107
Nom 0108,Prenom 0108,0100000108
Nom 0109,Prenom 0109,0100000109
Nom 0110,Prenom 0110,0100000110
Nom 0111,Prenom 0111,0100000111
Nom 0112,Prenom 0112,0100000112
Nom 0113,Prenom 0113,0100000113
Nom 0114,Prenom 0114,0100000114
Nom 0115,Prenom 0115,0100000115
Nom 0116,Prenom 0116,0100000116
Nom 0117,Prenom 0117,0100000117
Nom 0118,Prenom 0118,0100000118
Nom 0119,Prenom 0119,0100000119
Nom 0120,Prenom 0120,0100000120
Nom 0121,Prenom 0121,0100000121
Nom 0122,Prenom 0122,0100000122
Nom 0123,Prenom 0123,0100000123
Nom 0124,Prenom 0124,0100000124
Nom 0125,Prenom 0125,0100000125
Nom 0126,Prenom 0126,0100000126
Nom 0127,Prenom 0127,0100000127
Nom 0128,Prenom 0128,0100000128
Nom 0129,Prenom 0129,0100000129
Nom 0130,Prenom 0130,0100000130
Nom 0131,Prenom 0131,0100000131
Nom 0132,Prenom 0132,0100000132
Nom 0133,Prenom 0133,0100000133
Nom 0134,Prenom 0134,0100000134
Nom 0135,Prenom 0135,0100000135
Nom 0136,Prenom 0136,0100000136
Nom 0137,Prenom 0137,0100000137
Nom 0138,Prenom 0138,0100000138
Nom 0139,Prenom 0139,0100000139
Nom 0140,Prenom 0140,0100000140
Nom 0141,Prenom 0141,0100000141
Nom 0142,Prenom 0142,0100000142
Nom 0143,Prenom 0143,0100000143
Nom 0144,Prenom 0144,0100000144
Nom 0145,Prenom 0145,0100000145
Nom 0146,Prenom 0146,0100000146
Nom 0147,Prenom 0147,0100000147
Nom 0148,Prenom 0148,0100000148
Nom 0149,Prenom 0149,0100000149
Nom 0150,Prenom 0150,0100000150
Nom 0151,Prenom 0151,0100000151
Nom 0152,Prenom 0152,0100000152
Nom 0153,Prenom 0153,0100000153
Nom 0154,Prenom 0154,0100000154
Nom 0155,Prenom 0155,0100000155
Nom 0156,Prenom 0156,0100000156
Nom 0157,Prenom 0157,0100000157
Nom 0158,Prenom 0158,0100000158
Nom 0159,Prenom 0159,0100000159
Nom 0160,Prenom 0160,0100000160
Nom 0161,Prenom 0161,0100000161
Nom 0162,Prenom 0162,0100000162
Nom 0163,Prenom 0163,0100000163
Nom 0164,Prenom 0164,0100000164
Nom 0165,Prenom 0165,0100000165
Nom 0166,Prenom 0166,0100000166
Nom 0167,Prenom 0167,0100000167
Nom 0168,Prenom 0168,0100000168
Nom 0169,Prenom 0169,0100000169
Nom 0170,Prenom 0170,0100000170
Nom 0171,Prenom 0171,0100000171
Nom 0172,Prenom 0172,0100000172
Nom 0173,Prenom 0173,0100000173
Nom 0174,Prenom 0174,0100000174
Nom 0175,Prenom 0175,0100000175
Nom 0176,Prenom 0176,0100000176
Nom 0177,Prenom 0177,0100000177
Nom 0178,Prenom 0178,0100000178
Nom 0179,Prenom 0179,0100000179
Nom 0180,Prenom 0180,0100000180
Nom 0181,Prenom 0181,0100000181
Nom 0182,Prenom 0182,0100000182
Nom 0183,Prenom 0183,0100000183
Nom 0184,Prenom 0184,0100000184
Nom 0185,Prenom 0185,0100000185
Nom 0186,Prenom 0186,0100000186
Nom 0187,Prenom 0187,0100000187
Nom 0188,Prenom 0188,0100000188
Nom 0189,Prenom 0189,0100000189
Nom 0190,Prenom 0190,0100000190
Nom 0191,Prenom 0191,0100000191
Nom 0192,Prenom 0192,0100000192
Nom 0193,Prenom 0193,0100000193
Nom 0194,Prenom 0194,0100000194
Nom 0195,Prenom 0195,0100000195
Nom 0196,Prenom 0196,0100000196
Nom 0197,Prenom 0197,0100000197
Nom 0198,Prenom 0198,0100000198
Nom 0199,Prenom 0199,0100000199
Nom 0200,Prenom 0200,0100000200
Nom 0201,Prenom 0201,0100000201
Nom 0202,Prenom 0202,0100000202
Nom 0203,Prenom 0203,0100000203
Nom 0204,Prenom 0204,0100000204
Nom 0205,Prenom 0205,0100000205
Nom 0206,Prenom 0206,0100000206
Nom 0207,Prenom 0207,0100000207
Nom 0208,Prenom 0208,0100000208
Nom 0209,Prenom 0209,0100000209
Nom 0210,Prenom 0210,0100000210
Nom 0211,Prenom 0211,0100000211
Nom 0212,Prenom 0212,0100000212
Nom 0213,Prenom 0213,0100000213
Nom 0214,Prenom 0214,0100000214
Nom 0215,Prenom 0215,0100000215
Nom 0216,Prenom 0216,0100000216
Nom 0217,Prenom 0217,0100000217
Nom 0218,Prenom 0218,0100000218
Nom 0219,Prenom 0219,0100000219
Nom 0220,Prenom 0220,0100000220
Nom 0221,Prenom 0221,0100000221
Nom 0222,Prenom 0222,0100000222
Nom 0223,Prenom 0223,0100000223
Nom 0224,Prenom 0224,0100000224
Nom 0225,Prenom 0225,0100000225
Nom 0226,Prenom 0226,0100000226
Nom 0227,Prenom 0227,0100000227
Nom 0228,Prenom 0228,0100000228
Nom 0229,Prenom 0229,0100000229
Nom 0230,Prenom 0230,0100000230
Nom 0231,Prenom 0231,0100000231
Nom 0232,Prenom 0232,0100000232
Nom 0233,Prenom 0233,0100000233
Nom 0234,Prenom 0234,0100000234
Nom 0235,Prenom 0235,0100000235
Nom 0236,Prenom 0236,0100000236
Nom 0237,Prenom 0237,0100000237
Nom 0238,Prenom 0238,0100000238
Nom 0239,Prenom 0239,0100000239
Nom 0240,Prenom 0240,0100000240
Nom 0241,Prenom 0241,0100000241
Nom 0242,Prenom 0242,0100000242
Nom 0243,Prenom 0243,0100000243
Nom 0244,Prenom 0244,0100000244
Nom 0245,Prenom 0245,0100000245
Nom 0246,Prenom 0246,0100000246
Nom 0247,Prenom 0247,0100000247
Nom 0248,Prenom 0248,0100000248
Nom 0249,Prenom 0249,0100000249
Nom 0250,Prenom 0250,0100000250
Nom 0251,Prenom 0251,0100000251
Nom 0252,Prenom 0252,0100000252
Nom 0253,Prenom 0253,0100000253
Nom 0254,Prenom 0254,0100000254
Nom 0255,Prenom 0255,0100000255
Nom 0256,Prenom 0256,0100000256
Nom 0257,Prenom 0257,0100000257
Nom 0258,Prenom 0258,0100000258
Nom 0259,Prenom 0259,0100000259
Nom 0260,Prenom 0260,0100000260
Nom 0261,Prenom 0261,0100000261
Nom 0262,Prenom 0262,0100000262
Nom 0263,Prenom 0263,0100000263
Nom 0264,Prenom 0264,0100000264
Nom 0265,Prenom 0265,0100000265
Nom 0266,Prenom 0266,0100000266
Nom 0267,Prenom 0267,0100000267
Nom 0268,Prenom 0268,0100000268
Nom 0269,Prenom 0269,0100000269
Nom 0270,Prenom 0270,0100000270
Nom 0271,Prenom 0271,0100000271
Nom 0272,Prenom 0272,0100000272
Nom 0273,Prenom 0273,0100000273
Nom 0274,Prenom 0274,0100000274
Nom 0275,Prenom 0275,0100000275
Nom 0276,Prenom 0276,0100000276
Nom 0277,Prenom 0277,0100000277
Nom 0278,Prenom 0278,0100000278
Nom 0279,Prenom 0279,0100000279
Nom 0280,Prenom 0280,0100000280
Nom 0281,Prenom 0281,0100000281
Nom 0282,Prenom 0282,0100000282
Nom 0283,Prenom 0283,0100000283
Nom 0284,Prenom 0284,0100000284
Nom 0285,Prenom 0285,0100000285
Nom 0286,Prenom 0286,0100000286
Nom 0287,Prenom 0287,0100000287
Nom 0288,Prenom 0288,0100000288
Nom 0289,Prenom 0289,0100000289
Nom 0290,Prenom 0290,0100000290
Nom 0291,Prenom 0291,0100000291
Nom 0292,Prenom 0292,0100000292
Nom 0293,Prenom 0293,0100000293
Nom 0294,Prenom 0294,0100000294
Nom 0295,Prenom 0295,0100000295
Nom 0296,Prenom 0296,0100000296
Nom 0297,Prenom 0297,0100000297
Nom 0298,Prenom 0298,0100000298
Nom 0299,Prenom 0299,0100000299
Nom 0300,Prenom 0300,0100000300
Nom 0301,Prenom 0301,0100000301
Nom 0302,Prenom 0302,0100000302
Nom 0303,Prenom 0303,0100000303
Nom 0304,Prenom 0304,0100000304
Nom 0305,Prenom 0305,0100000305
Nom 0306,Prenom 0306,0100000306
Nom 0307,Prenom 0307,0100000307
Nom 0308,Prenom 0308,0100000308
Nom 0309,Prenom 0309,0100000309
Nom 0310,Prenom 0310,0100000310
Nom 0311,Prenom 0311,0100000311
Nom 0312,Prenom 0312,0100000312
Nom 0313,Prenom 0313,0100000313
Nom 0314,Prenom 0314,0100000314
Nom 0315,Prenom 0315,0100000315
Nom 0316,Prenom 0316,0100000316
Nom 0317,Prenom 0317,0100000317
Nom 0318,Prenom 0318,0100000318
Nom 0319,Prenom 0319,0100000319
Nom 0320,Prenom 0320,0100000320
Nom 0321,Prenom 0321,0100000321
Nom 0322,Prenom 0322,0100000322
Nom 0323,Prenom 0323,0100000323
Nom 0324,Prenom 0324,0100000324
Nom 0325,Prenom 0325,0100000325
Nom 0326,Prenom 0326,0100000326
Nom 0327,Prenom 0327,0100000327
Nom 0328,Prenom 0328,0100000328
Nom 0329,Prenom 0329,0100000329
Nom 0330,Prenom 0330,0100000330
Nom 0331,Prenom 0331,0100000331
Nom 0332,Prenom 0332,0100000332
Nom 0333,Prenom 0333,0100000333
Nom 0334,Prenom 0334,0100000334
Nom 0335,Prenom 0335,0100000335
Nom 0336,Prenom 0336,0100000336
Nom 0337,Prenom 0337,0100000337
Nom 0338,Prenom 0338,0100000338
Nom 0339,Prenom 0339,0100000339
Nom 0340,Prenom 0340,0100000340
Nom 0341,Prenom 0341,0100000341
Nom 0342,Prenom 0342,0100000342
Nom 0343,Prenom 0343,0100000343
Nom 0344,Prenom 0344,0100000344
Nom 0345,Prenom 0345,0100000345
Nom 0346,Prenom 0346,0100000346
Nom 0347,Prenom 0347,0100000347
Nom 0348,Prenom 0348,0100000348
Nom 0349,Prenom 0349,0100000349
Nom 0350,Prenom 0350,0100000350
Nom 0351,Prenom 0351,0100000351
Nom 0352,Prenom 0352,0100000352
Nom 0353,Prenom 0353,0100000353
Nom 0354,Prenom 0354,0100000354
Nom 0355,Prenom 0355,0100000355
Nom 0356,Prenom 0356,0100000356
Nom 0357,Prenom 0357,0100000357
Nom 0358,Prenom 0358,0100000358
Nom 0359,Prenom 0359,0100000359
Nom 0360,Prenom 0360,0100000360
Nom 0361,Prenom 0361,0100000361
Nom 0362,Prenom 0362,0100000362
Nom 0363,Prenom 0363,0100000363
Nom 0364,Prenom 0364,0100000364
Nom 0365,Prenom 0365,0100000365
Nom 0366,Prenom 0366,0100000366
Nom 0367,Prenom 0367,0100000367
Nom 0368,Prenom 0368,0100000368
Nom 0369,Prenom 0369,0100000369
Nom 0370,Prenom 0370,0100000370
Nom 0371,Prenom 0371,0100000371
Nom 0372,Prenom 0372,0100000372
Nom 0373,Prenom 0373,0100000373
Nom 0374,Prenom 0374,0100000374
Nom 0375,Prenom 0375,0100000375
Nom 0376,Prenom 0376,0100000376
Nom 0377,Prenom 0377,0100000377
Nom 0378,Prenom 0378,0100000378
Nom 0379,Prenom 0379,0100000379
Nom 0380,Prenom 0380,0100000380
Nom 0381,Prenom 0381,0100000381
Nom 0382,Prenom 0382,0100000382
Nom 0383,Prenom 0383,0100000383
Nom 0384,Prenom 0384,0100000384
Nom 0385,Prenom 0385,0100000385
Nom 0386,Prenom 0386,0100000386
Nom 0387,Prenom 0387,0100000387
Nom 0388,Prenom 0388,0100000388
Nom 0389,Prenom 0389,0100000389
Nom 0390,Prenom 0390,0100000390
Nom 0391,Prenom 0391,0100000391
Nom 0392,Prenom 0392,0100000392
Nom 0393,Prenom 0393,0100000393
Nom 0394,Prenom 0394,0100000394
Nom 0395,Prenom 0395,0100000395
Nom 0396,Prenom 0396,0100000396
Nom 0397,Prenom 0397,0100000397
Nom 0398,Prenom 0398,0100000398
Nom 0399,Prenom 0399,0100000399
Nom 0400,Prenom 0400,0100000400
Nom 0401,Prenom 0401,0100000401
Nom 0402,Prenom 0402,0100000402
Nom 0403,Prenom 0403,0100000403
Nom 0404,Prenom 0404,0100000404
Nom 0405,Prenom 0405,0100000405
Nom 0406,Prenom 0406,0100000406
Nom 0407,Prenom 0407,0100000407
Nom 0408,Prenom 0408,0100000408
Nom 0409,Prenom 0409,0100000409
Nom 0410,Prenom 0410,0100000410
Nom 0411,Prenom 0411,0100000411
Nom 0412,Prenom 0412,0100000412
Nom 0413,Prenom 0413,0100000413
Nom 0414,Prenom 0414,0100000414
Nom 0415,Prenom 0415,0100000415
Nom 0416,Prenom 0416,0100000416
Nom 0417,Prenom 0417,0100000417
Nom 0418,Prenom 0418,0100000418
Nom 0419,Prenom 0419,0100000419
Nom 0420,Prenom 0420,0100000420
Nom 0421,Prenom 0421,0100000421
Nom 0422,Prenom 0422,0100000422
Nom 0423,Prenom 0423,0100000423
Nom 0424,Prenom 0424,0100000424
Nom 0425,Prenom 0425,0100000425
Nom 0426,Prenom 0426,0100000426
Nom 0427,Prenom 0427,0100000427
Nom 0428,Prenom 0428,0100000428
Nom 0429,Prenom 0429,0100000429
Nom 0430,Prenom 0430,0100000430
Nom 0431,Prenom 0431,0100000431
Nom 0432,Prenom 0432,0100000432
Nom 0433,Prenom 0433,0100000433
Nom 0434,Prenom 0434,0100000434
Nom 0435,Prenom 0435,0100000435
Nom 0436,Prenom 0436,0100000436
Nom 0437,Prenom 0437,0100000437
Nom 0438,Prenom 0438,0100000438
Nom 0439,Prenom 0439,0100000439
Nom 0440,Prenom 0440,0100000440
Nom 0441,Prenom 0441,0100000441
Nom 0442,Prenom 0442,0100000442
Nom 0443,Prenom 0443,0100000443
Nom 0444,Prenom 0444,0100000444
Nom 0445,Prenom 0445,0100000445
Nom 0446,Prenom 0446,0100000446
Nom 0447,Prenom 0447,0100000447
Nom 0448,Prenom 0448,0100000448
Nom 0449,Prenom 0449,0100000449
Nom 0450,Prenom 0450,0100000450
Nom 0451,Prenom 0451,0100000451
Nom 0452,Prenom 0452,0100000452
Nom 0453,Prenom 0453,0100000453
Nom 0454,Prenom 0454,0100000454
Nom 0455,Prenom 0455,0100000455
Nom 0456,Prenom 0456,0100000456
Nom 0457,Prenom 0457,0100000457
Nom 0458,Prenom 0458,0100000458
Nom 0459,Prenom 0459,0100000459
Nom 0460,Prenom 0460,0100000460
Nom 0461,Prenom 0461,0100000461
Nom 0462,Prenom 0462,0100000462
Nom 0463,Prenom 0463,0100000463
Nom 0464,Prenom 0464,0100000464
Nom 0465,Prenom 0465,0100000465
Nom 0466,Prenom 0466,0100000466
Nom 0467,Prenom 0467,0100000467
Nom 0468,Prenom 0468,0100000468
Nom 0469,Prenom 0469,0100000469
Nom 0470,Prenom 0470,0100000470
Nom 0471,Prenom 0471,0100000471
Nom 0472,Prenom 0472,0100000472
Nom 0473,Prenom 0473,0100000473
Nom 0474,Prenom 0474,0100000474
Nom 0475,Prenom 0475,0100000475
Nom 0476,Prenom 0476,0100000476
Nom 0477,Prenom 0477,0100000477
Nom 0478,Prenom 0478,0100000478
Nom 0479,Prenom 0479,0100000479
Nom 0480,Prenom 0480,0100000480
Nom 0481,Prenom 0481,0100000481
Nom 0482,Prenom 0482,0100000482
Nom 0483,Prenom 0483,0100000483
Nom 0484,Prenom 0484,0100000484
Nom 0485,Prenom 0485,0100000485
Nom 0486,Prenom 0486,0100000486
Nom 0487,Prenom 0487,0100000487
Nom 0488,Prenom 0488,0100000488
Nom 0489,Prenom 0489,0100000489
Nom 0490,Prenom 0490,0100000490
Nom 0491,Prenom 0491,0100000491
Nom 0492,Prenom 0492,0100000492
Nom 0493,Prenom 0493,0100000493
Nom 0494,Prenom 0494,0100000494
Nom 0495,Prenom 0495,0100000495
Nom 0496,Prenom 0496,0100000496
Nom 0497,Prenom 0497,0100000497
Nom 0498,Prenom 0498,0100000498
Nom 0499,Prenom 0499,0100000499
Nom 0500,Prenom 0500,0100000500
Nom 0501,Prenom 0501,0100000501
Nom 0502,Prenom 0502,0100000502
Nom 0503,Prenom 0503,0100000503
Nom 0504,Prenom 0504,0100000504
Nom 0505,Prenom 0505,0100000505
Nom 0506,Prenom 0506,0100000506
Nom 0507,Prenom 0507,0100000507
Nom 0508,Prenom 0508,0100000508
Nom 0509,Prenom 0509,0100000509
Nom 0510,Prenom 0510,0100000510
Nom 0511,Prenom 0511,0100000511
Nom 0512,Prenom 0512,0100000512
Nom 0513,Prenom 0513,0100000513
Nom 0514,Prenom 0514,0100000514
Nom 0515,Prenom 0515,0100000515
Nom 0516,Prenom 0516,0100000516
Nom 0517,Prenom 0517,0100000517
Nom 0518,Prenom 0518,0100000518
Nom 0519,Prenom 0519,0100000519
Nom 0520,Prenom 0520,0100000520
Nom 0521,Prenom 0521,0100000521
Nom 0522,Prenom 0522,0100000522
Nom 0523,Prenom 0523,0100000523
Nom 0524,Prenom 0524,0100000524
Nom 0525,Prenom 0525,0100000525
Nom 0526,Prenom 0526,0100000526
Nom 0527,Prenom 0527,0100000527
Nom 0528,Prenom 0528,0100000528
Nom 0529,Prenom 0529,0100000529
Nom 0530,Prenom 0530,0100000530
Nom 0531,Prenom 0531,0100000531
Nom 0532,Prenom 0532,0100000532
Nom 0533,Prenom 0533,0100000533
Nom 0534,Prenom 0534,0100000534
Nom 0535,Prenom 0535,0100000535
Nom 0536,Prenom 0536,0100000536
Nom 0537,Prenom 0537,0100000537
Nom 0538,Prenom 0538,0100000538
Nom 0539,Prenom 0539,0100000539
Nom 0540,Prenom 0540,0100000540
Nom 0541,Prenom 0541,0100000541
Nom 0542,Prenom 0542,0100000542
Nom 0543,Prenom 0543,0100000543
Nom 0544,Prenom 0544,0100000544
Nom 0545,Prenom 0545,0100000545
Nom 0546,Prenom 0546,0100000546
Nom 0547,Prenom 0547,0100000547
Nom 0548,Prenom 0548,0100000548
Nom 0549,Prenom 0549,0100000549
Nom 0550,Prenom 0550,0100000550
Nom 0551,Prenom 0551,0100000551
Nom 0552,Prenom 0552,0100000552
Nom 0553,Prenom 0553,0100000553
Nom 0554,Prenom 0554,0100000554
Nom 0555,Prenom 0555,0100000555
Nom 0556,Prenom 0556,0100000556
Nom 0557,Prenom 0557,0100000557
Nom 0558,Prenom 0558,0100000558
Nom 0559,Prenom 0559,0100000559
Nom 0560,Prenom 0560,0100000560
Nom 0561,Prenom 0561,0100000561
Nom 0562,Prenom 0562,0100000562
Nom 0563,Prenom 0563,0100000563
Nom 0564,Prenom 0564,0100000564
Nom 0565,Prenom 0565,0100000565
Nom 0566,Prenom 0566,0100000566
Nom 0567,Prenom 0567,0100000567
Nom 0568,Prenom 0568,0100000568
Nom 0569,Prenom 0569,0100000569
Nom 0570,Prenom 0570,0100000570
Nom 0571,Prenom 0571,0100000571
Nom 0572,Prenom 0572,0100000572
Nom 0573,Prenom 0573,0100000573
Nom 0574,Prenom 0574,0100000574
Nom 0575,Prenom 0575,0100000575
Nom 0576,Prenom 0576,0100000576
Nom 0577,Prenom 0577,0100000577
Nom 0578,Prenom 0578,0100000578
Nom 0579,Prenom 0579,0100000579
Nom 0580,Prenom 0580,0100000580
Nom 0581,Prenom 0581,0100000581
Nom 0582,Prenom 0582,0100000582
Nom 0583,Prenom 0583,0100000583
Nom 0584,Prenom 0584,0100000584
Nom 0585,Prenom 0585,0100000585
Nom 0586,Prenom 0586,0100000586
Nom 0587,Prenom 0587,0100000587
Nom 0588,Prenom 0588,0100000588
Nom 0589,Prenom 0589,0100000589
Nom 0590,Prenom 0590,0100000590
Nom 0591,Prenom 0591,0100000591
Nom 0592,Prenom 0592,0100000592
Nom 0593,Prenom 0593,0100000593
Nom 0594,Prenom 0594,0100000594
Nom 0595,Prenom 0595,0100000595
Nom 0596,Prenom 0596,0100000596
Nom 0597,Prenom 0597,0100000597
Nom 0598,Prenom 0598,0100000598
Nom 0599,Prenom 0599,0100000599
Nom 0600,Prenom 0600,0100000600
Nom 0601,Prenom 0601,0100000601
Nom 0602,Prenom 0602,0100000602
Nom 0603,Prenom 0603,0100000603
Nom 0604,Prenom 0604,0100000604
Nom 0605,Prenom 0605,0100000605
Nom 0606,Prenom 0606,0100000606
Nom 0607,Prenom 0607,0100000607
Nom 0608,Prenom 0608,0100000608
Nom 0609,Prenom 0609,0100000609
Nom 0610,Prenom 0610,0100000610
Nom 0611,Prenom 0611,0100000611
Nom 0612,Prenom 0612,0100000612
Nom 0613,Prenom 0613,0100000613
Nom 0614,Prenom 0614,0100000614
Nom 0615,Prenom 0615,0100000615
Nom 0616,Prenom 0616,0100000616
Nom 0617,Prenom 0617,0100000617
Nom 0618,Prenom 0618,0100000618
Nom 0619,Prenom 0619,0100000619
Nom 0620,Prenom 0620,0100000620
Nom 0621,Prenom 0621,0100000621
Nom 0622,Prenom 0622,0100000622
Nom 0623,Prenom 0623,0100000623
Nom 0624,Prenom 0624,0100000624
Nom 0625,Prenom 0625,0100000625
Nom 0626,Prenom 0626,0100000626
Nom 0627,Prenom 0627,0100000627
Nom 0628,Prenom 0628,0100000628
Nom 0629,Prenom 0629,0100000629
Nom 0630,Prenom 0630,0100000630
Nom 0631,Prenom 0631,0100000631
Nom 0632,Prenom 0632,0100000632
Nom 0633,Prenom 0633,0100000633
Nom 0634,Prenom 0634,0100000634
Nom 0635,Prenom 0635,0100000635
Nom 0636,Prenom 0636,0100000636
Nom 0637,Prenom 0637,0100000637
Nom 0638,Prenom 0638,0100000638
Nom 0639,Prenom 0639,0100000639
Nom 0640,Prenom 0640,0100000640
Nom 0641,Prenom 0641,0100000641
Nom 0642,Prenom 0642,0100000642
Nom 0643,Prenom 0643,0100000643
Nom 0644,Prenom 0644,0100000644
Nom 0645,Prenom 0645,0100000645
Nom 0646,Prenom 0646,0100000646
Nom 0647,Prenom 0647,0100000647
Nom 0648,Prenom 0648,0100000648
Nom 0649,Prenom 0649,0100000649
Nom 0650,Prenom 0650,0100000650
Nom 0651,Prenom 0651,0100000651
Nom 0652,Prenom 0652,0100000652
Nom 0653,Prenom 0653,0100000653
Nom 0654,Prenom 0654,0100000654
Nom 0655,Prenom 0655,0100000655
Nom 0656,Prenom 0656,0100000656
Nom 0657,Prenom 0657,0100000657
Nom 0658,Prenom 0658,0100000658
Nom 0659,Prenom 0659,0100000659
Nom 0660,Prenom 0660,0100000660
Nom 0661,Prenom 0661,0100000661
Nom 0662,Prenom 0662,0100000662
Nom 0663,Prenom 0663,0100000663
Nom 0664,Prenom 0664,0100000664
Nom 0665,Prenom 0665,0100000665
Nom 0666,Prenom 0666,0100000666
Nom 0667,Prenom 0667,0100000667
Nom 0668,Prenom 0668,0100000668
Nom 0669,Prenom 0669,0100000669
Nom 0670,Prenom 0670,0100000670
Nom 0671,Prenom 0671,0100000671
Nom 0672,Prenom 0672,0100000672
Nom 0673,Prenom 0673,0100000673
Nom 0674,Prenom 0674,0100000674
Nom 0675,Prenom 0675,0100000675
Nom 0676,Prenom 0676,0100000676
Nom 0677,Prenom 0677,0100000677
Nom 0678,Prenom 0678,0100000678
Nom 0679,Prenom 0679,0100000679
Nom 0680,Prenom 0680,0100000680
Nom 0681,Prenom 0681,0100000681
Nom 0682,Prenom 0682,0100000682
Nom 0683,Prenom 0683,0100000683
Nom 0684,Prenom 0684,0100000684
Nom 0685,Prenom 0685,0100000685
Nom 0686,Prenom 0686,0100000686
Nom 0687,Prenom 0687,0100000687
Nom 0688,Prenom 0688,0100000688
Nom 0689,Prenom 0689,0100000689
Nom 0690,Prenom 0690,0100000690
Nom 0691,Prenom 0691,0100000691
Nom 0692,Prenom 0692,0100000692
Nom 0693,Prenom 0693,0100000693
Nom 0694,Prenom 0694,0100000694
Nom 0695,Prenom 0695,0100000695
Nom 0696,Prenom 0696,0100000696
Nom 0697,Prenom 0697,0100000697
Nom 0698,Prenom 0698,0100000698
Nom 0699,Prenom 0699,0100000699
Nom 0700,Prenom 0700,0100000700
Nom 0701,Prenom 0701,0100000701
Nom 0702,Prenom 0702,0100000702
Nom 0703,Prenom 0703,0100000703
Nom 0704,Prenom 0704,0100000704
Nom 0705,Prenom 0705,0100000705
Nom 0706,Prenom 0706,0100000706
Nom 0707,Prenom 0707,0100000707
Nom 0708,Prenom 0708,0100000708
Nom 0709,Prenom 0709,0100000709
Nom 0710,Prenom 0710,0100000710
Nom 0711,Prenom 0711,0100000711
Nom 0712,Prenom 0712,0100000712
Nom 0713,Prenom 0713,0100000713
Nom 0714,Prenom 0714,0100000714
Nom 0715,Prenom 0715,0100000715
Nom 0716,Prenom 0716,0100000716
Nom 0717,Prenom 0717,0100000717
Nom 0718,Prenom 0718,0100000718
Nom 0719,Prenom 0719,0100000719
Nom 0720,Prenom 0720,0100000720
Nom 0721,Prenom 0721,0100000721
Nom 0722,Prenom 0722,0100000722
Nom 0723,Prenom 0723,0100000723
Nom 0724,Prenom 0724,0100000724
Nom 0725,Prenom 0725,0100000725
Nom 0726,Prenom 0726,0100000726
Nom 0727,Prenom 0727,0100000727
Nom 0728,Prenom 0728,0100000728
Nom 0729,Prenom 0729,0100000729
Nom 0730,Prenom 0730,0100000730
Nom 0731,Prenom 0731,0100000731
Nom 0732,Prenom 0732,0100000732
Nom 0733,Prenom 0733,0100000733
Nom 0734,Prenom 0734,0100000734
Nom 0735,Prenom 0735,0100000735
Nom 0736,Prenom 0736,0100000736
Nom 0737,Prenom 0737,0100000737
Nom 0738,Prenom 0738,0100000738
Nom 0739,Prenom 0739,0100000739
Nom 0740,Prenom 0740,0100000740
Nom 0741,Prenom 0741,0100000741
Nom 0742,Prenom 0742,0100000742
Nom 0743,Prenom 0743,0100000743
Nom 0744,Prenom 0744,0100000744
Nom 0745,Prenom 0745,0100000745
Nom 0746,Prenom 0746,0100000746
Nom 0747,Prenom 0747,0100000747
Nom 0748,Prenom 0748,0100000748
Nom 0749,Prenom 0749,0100000749
Nom 0750,Prenom 0750,0100000750
Nom 0751,Prenom 0751,0100000751
Nom 0752,Prenom 0752,0100000752
Nom 0753,Prenom 0753,0100000753
Nom 0754,Prenom 0754,0100000754
Nom 0755,Prenom 0755,0100000755
Nom 0756,Prenom 0756,0100000756
Nom 0757,Prenom 0757,0100000757
Nom 0758,Prenom 0758,0100000758
Nom 0759,Prenom 0759,0100000759
Nom 0760,Prenom 0760,0100000760
Nom 0761,Prenom 0761,0100000761
Nom 0762,Prenom 0762,0100000762
Nom 0763,Prenom 0763,0100000763
Nom 0764,Prenom 0764,0100000764
Nom 0765,Prenom 0765,0100000765
Nom 0766,Prenom 0766,0100000766
Nom 0767,Prenom 0767,0100000767
Nom 0768,Prenom 0768,0100000768
Nom 0769,Prenom 0769,0100000769
Nom 0770,Prenom 0770,0100000770
Nom 0771,Prenom 0771,0100000771
Nom 0772,Prenom 0772,0100000772
Nom 0773,Prenom 0773,0100000773
Nom 0774,Prenom 0774,0100000774
Nom 0775,Prenom 0775,0100000775
Nom 0776,Prenom 0776,0100000776
Nom 0777,Prenom 0777,0100000777
Nom 0778,Prenom 0778,0100000778
Nom 0779,Prenom 0779,0100000779
Nom 0780,Prenom 0780,0100000780
Nom 0781,Prenom 0781,0100000781
Nom 0782,Prenom 0782,0100000782
Nom 0783,Prenom 0783,0100000783
Nom 0784,Prenom 0784,0100000784
Nom 0785,Prenom 0785,0100000785
Nom 0786,Prenom 0786,0100000786
Nom 0787,Prenom 0787,0100000787
Nom 0788,Prenom 0788,0100000788
Nom 0789,Prenom 0789,0100000789
Nom 0790,Prenom 0790,0100000790
Nom 0791,Prenom 0791,0100000791
Nom 0792,Prenom 0792,0100000792
Nom 0793,Prenom 0793,0100000793
Nom 0794,Prenom 0794,0100000794
Nom 0795,Prenom 0795,0100000795
Nom 0796,Prenom 0796,0100000796
Nom 0797,Prenom 0797,0100000797
Nom 0798,Prenom 0798,0100000798
Nom 0799,Prenom 0799,0100000799
Nom 0800,Prenom 0800,0100000800
Nom 0801,Prenom 0801,0100000801
Nom 0802,Prenom 0802,0100000802
Nom 0803,Prenom 0803,0100000803
Nom 0804,Prenom 0804,0100000804
Nom 0805,Prenom 0805,0100000805
Nom 0806,Prenom 0806,0100000806
Nom 0807,Prenom 0807,0100000807
Nom 0808,Prenom 0808,0100000808
Nom 0809,Prenom 0809,0100000809
Nom 0810,Prenom 0810,0100000810
Nom 0811,Prenom 0811,0100000811
Nom 0812,Prenom 0812,0100000812
Nom 0813,Prenom 0813,0100000813
Nom 0814,Prenom 0814,0100000814
Nom 0815,Prenom 0815,0100000815
Nom 0816,Prenom 0816,0100000816
Nom 0817,Prenom 0817,0100000817
Nom 0818,Prenom 0818,0100000818
Nom 0819,Prenom 0819,0100000819
Nom 0820,Prenom 0820,0100000820
Nom 0821,Prenom 0821,0100000821
Nom 0822,Prenom 0822,0100000822
Nom 0823,Prenom 0823,0100000823
Nom 0824,Prenom 0824,0100000824
Nom 0825,Prenom 0825,0100000825
Nom 0826,Prenom 0826,0100000826
Nom 0827,Prenom 0827,0100000827
Nom 0828,Prenom 0828,0100000828
Nom 0829,Prenom 0829,0100000829
Nom 0830,Prenom 0830,0100000830
Nom 0831,Prenom 0831,0100000831
Nom 0832,Prenom 0832,0100000832
Nom 0833,Prenom 0833,0100000833
Nom 0834,Prenom 0834,0100000834
Nom 0835,Prenom 0835,0100000835
Nom 0836,Prenom 0836,0100000836
Nom 0837,Prenom 0837,0100000837
Nom 0838,Prenom 0838,0100000838
Nom 0839,Prenom 0839,0100000839
Nom 0840,Prenom 0840,0100000840
Nom 0841,Prenom 0841,0100000841
Nom 0842,Prenom 0842,0100000842
Nom 0843,Prenom 0843,0100000843
Nom 0844,Prenom 0844,0100000844
Nom 0845,Prenom 0845,0100000845
Nom 0846,Prenom 0846,0100000846
Nom 0847,Prenom 0847,0100000847
Nom 0848,Prenom 0848,0100000848
Nom 0849,Prenom 0849,0100000849
Nom 0850,Prenom 0850,0100000850
Nom 0851,Prenom 0851,0100000851
Nom 0852,Prenom 0852,0100000852
Nom 0853,Prenom 0853,0100000853
Nom 0854,Prenom 0854,0100000854
Nom 0855,Prenom 0855,0100000855
Nom 0856,Prenom 0856,0100000856
Nom 0857,Prenom 0857,0100000857
Nom 0858,Prenom 0858,0100000858
Nom 0859,Prenom 0859,0100000859
Nom 0860,Prenom 0860,0100000860
Nom 0861,Prenom 0861,0100000861
Nom 0862,Prenom 0862,0100000862
Nom 0863,Prenom 0863,0100000863
Nom 0864,Prenom 0864,0100000864
Nom 0865,Prenom 0865,0100000865
Nom 0866,Prenom 0866,0100000866
Nom 0867,Prenom 0867,0100000867
Nom 0868,Prenom 0868,0100000868
Nom 0869,Prenom 0869,0100000869
Nom 0870,Prenom 0870,0100000870
Nom 0871,Prenom 0871,0100000871
Nom 0872,Prenom 0872,0100000872
Nom 0873,Prenom 0873,0100000873
Nom 0874,Prenom 0874,0100000874
Nom 0875,Prenom 0875,0100000875
Nom 0876,Prenom 0876,0100000876
Nom 0877,Prenom 0877,0100000877
Nom 0878,Prenom 0878,0100000878
Nom 0879,Prenom 0879,0100000879
Nom 0880,Prenom 0880,0100000880
Nom 0881,Prenom 0881,0100000881
Nom 0882,Prenom 0882,0100000882
Nom 0883,Prenom 0883,0100000883
Nom 0884,Prenom 0884,0100000884
Nom 0885,Prenom 0885,0100000885
Nom 0886,Prenom 0886,0100000886
Nom 0887,Prenom 0887,0100000887
Nom 0888,Prenom 0888,0100000888
Nom 0889,Prenom 0889,0100000889
Nom 0890,Prenom 0890,0100000890
Nom 0891,Prenom 0891,0100000891
Nom 0892,Prenom 0892,0100000892
Nom 0893,Prenom 0893,0100000893
Nom 0894,Prenom 0894,0100000894
Nom 0895,Prenom 0895,0100000895
Nom 0896,Prenom 0896,0100000896
Nom 0897,Prenom 0897,0100000897
Nom 0898,Prenom 0898,0100000898
Nom 0899,Prenom 0899,0100000899
Nom 0900,Prenom 0900,0100000900
Nom 0901,Prenom 0901,0100000901
Nom 0902,Prenom 0902,0100000902
Nom 0903,Prenom 0903,0100000903
Nom 0904,Prenom 0904,0100000904
Nom 0905,Prenom 0905,0100000905
Nom 0906,Prenom 0906,0100000906
Nom 0907,Prenom 0907,0100000907
Nom 0908,Prenom 0908,0100000908
Nom 0909,Prenom 0909,0100000909
Nom 0910,Prenom 0910,0100000910
Nom 0911,Prenom 0911,0100000911
Nom 0912,Prenom 0912,0100000912
Nom 0913,Prenom 0913,0100000913
Nom 0914,Prenom 0914,0100000914
Nom 0915,Prenom 0915,0100000915
Nom 0916,Prenom 0916,0100000916
Nom 0917,Prenom 0917,0100000917
Nom 0918,Prenom 0918,0100000918
Nom 0919,Prenom 0919,0100000919
Nom 0920,Prenom 0920,0100000920
Nom 0921,Prenom 0921,0100000921
Nom 0922,Prenom 0922,0100000922
Nom 0923,Prenom 0923,0100000923
Nom 0924,Prenom 0924,0100000924
Nom 0925,Prenom 0925,0100000925
Nom 0926,Prenom 0926,0100000926
Nom 0927,Prenom 0927,0100000927
Nom 0928,Prenom 0928,0100000928
Nom 0929,Prenom 0929,0100000929
Nom 0930,Prenom 0930,0100000930
Nom 0931,Prenom 0931,0100000931
Nom 0932,Prenom 0932,0100000932
Nom 0933,Prenom 0933,0100000933
Nom 0934,Prenom 0934,0100000934
Nom 0935,Prenom 0935,0100000935
Nom 0936,Prenom 0936,0100000936
Nom 0937,Prenom 0937,0100000937
Nom 0938,Prenom 0938,0100000938
Nom 0939,Prenom 0939,0100000939
Nom 0940,Prenom 0940,0100000940
Nom 0941,Prenom 0941,0100000941
Nom 0942,Prenom 0942,0100000942
Nom 0943,Prenom 0943,0100000943
Nom 0944,Prenom 0944,0100000944
Nom 0945,Prenom 0945,0100000945
Nom 0946,Prenom 0946,0100000946
Nom 0947,Prenom 0947,0100000947
Nom 0948,Prenom 0948,0100000948
Nom 0949,Prenom 0949,0100000949
Nom 0950,Prenom 0950,0100000950
Nom 0951,Prenom 0951,0100000951
Nom 0952,Prenom 0952,0100000952
Nom 0953,Prenom 0953,0100000953
Nom 0954,Prenom 0954,0100000954
Nom 0955,Prenom 0955,0100000955
Nom 0956,Prenom 0956,0100000956
Nom 0957,Prenom 0957,0100000957
Nom 0958,Prenom 0958,0100000958
Nom 0959,Prenom 0959,0100000959
Nom 0960,Prenom 0960,0100000960
Nom 0961,Prenom 0961,0100000961
Nom 0962,Prenom 0962,0100000962
Nom 0963,Prenom 0963,0100000963
Nom 0964,Prenom 0964,0100000964
Nom 0965,Prenom 0965,0100000965
Nom 0966,Prenom 0966,0100000966
Nom 0967,Prenom 0967,0100000967
Nom 0968,Prenom 0968,0100000968
Nom 0969,Prenom 0969,0100000969
Nom 0970,Prenom 0970,0100000970
Nom 0971,Prenom 0971,0100000971
Nom 0972,Prenom 0972,0100000972
Nom 0973,Prenom 0973,0100000973
Nom 0974,Prenom 0974,0100000974
Nom 0975,Prenom 0975,0100000975
Nom 0976,Prenom 0976,0100000976
Nom 0977,Prenom 0977,0100000977
Nom 0978,Prenom 0978,0100000978
Nom 0979,Prenom 0979,0100000979
Nom 0980,Prenom 0980,0100000980
Nom 0981,Prenom 0981,0100000981
Nom 0982,Prenom 0982,0100000982
Nom 0983,Prenom 0983,0100000983
Nom 0984,Prenom 0984,0100000984
Nom 0985,Prenom 0985,0100000985
Nom 0986,Prenom 0986,0100000986
Nom 0987,Prenom 0987,0100000987
Nom 0988,Prenom 0988,0100000988
Nom 0989,Prenom 0989,0100000989
Nom 0990,Prenom 0990,0100000990
Nom 0991,Prenom 0991,0100000991
Nom 0992,Prenom 0992,0100000992
Nom 0993,Prenom 0993,0100000993
Nom 0994,Prenom 0994,0100000994
Nom 0995,Prenom 0995,0100000995
Nom 0996,Prenom 0996,0100000996
Nom 0997,Prenom 0997,0100000997
Nom 0998,Prenom 0998,0100000998
Nom 0999,Prenom 0999,0100000999
Nom 1000,Prenom 1000,0100001000
Nom 1001,Prenom 1001,0100001001
Nom 1002,Prenom 1002,0100001002
Nom 1003,Prenom 1003,0100001003
Nom 1004,Prenom 1004,0100001004
Nom 1005,Prenom 1005,0100001005
Nom 1006,Prenom 1006,0100001006
Nom 1007,Prenom 1007,0100001007
Nom 1008,Prenom 1008,0100001008
Nom 1009,Prenom 1009,0100001009
Nom 1010,Prenom 1010,0100001010
Nom 1011,Prenom 1011,0100001011
Nom 1012,Prenom 1012,0100001012
Nom 1013,Prenom 1013,0100001013
Nom 1014,Prenom 1014,0100001014
Nom 1015,Prenom 1015,0100001015
Nom 1016,Prenom 1016,0100001016
Nom 1017,Prenom 1017,0100001017
Nom 1018,Prenom 1018,0100001018
Nom 1019,Prenom 1019,0100001019
Nom 1020,Prenom 1020,0100001020
Nom 1021,Prenom 1021,0100001021
Nom 1022,Prenom 1022,0100001022
Nom 1023,Prenom 1023,0100001023
